WIF Compressed,WIF Uncompressed
KwDiBf89QgGbjEhKnhXJuH7LrciVrZi3qYjgd9M7rFU73sVHnoWn,5HpHagT65TZzG1PH3CSu63k8DbpvD8s5ip4nEB3kEsreAnchuDf
KwDiBf89QgGbjEhKnhXJuH7LrciVrZi3qYjgd9M7rFU74sHUHy8S,5HpHagT65TZzG1PH3CSu63k8DbpvD8s5ip4nEB3kEsreB1FQ8BZ
KwDiBf89QgGbjEhKnhXJuH7LrciVrZi3qYjgd9M7rFU76rnZwVdz,5HpHagT65TZzG1PH3CSu63k8DbpvD8s5ip4nEB3kEsreBR6zCMU
KwDiBf89QgGbjEhKnhXJuH7LrciVrZi3qYjgd9M7rFU77MfhviY5,5HpHagT65TZzG1PH3CSu63k8DbpvD8s5ip4nEB3kEsreBbMaQX1
KwDiBf89QgGbjEhKnhXJuH7LrciVrZi3qYjgd9M7rFU7Dq8Au4Pv,5HpHagT65TZzG1PH3CSu63k8DbpvD8s5ip4nEB3kEsreD437Nay
KwDiBf89QgGbjEhKnhXJuH7LrciVrZi3qYjgd9M7rFU7Tmu6qHxS,5HpHagT65TZzG1PH3CSu63k8DbpvD8s5ip4nEB3kEsreGAk6qMH
KwDiBf89QgGbjEhKnhXJuH7LrciVrZi3qYjgd9M7rFU7hDgvu64y,5HpHagT65TZzG1PH3CSu63k8DbpvD8s5ip4nEB3kEsreKD614Nu
KwDiBf89QgGbjEhKnhXJuH7LrciVrZi3qYjgd9M7rFU8xvGK1zpm,5HpHagT65TZzG1PH3CSu63k8DbpvD8s5ip4nEB3kEsrebwE4gQs
KwDiBf89QgGbjEhKnhXJuH7LrciVrZi3qYjgd9M7rFUB3vfDKcxZ,5HpHagT65TZzG1PH3CSu63k8DbpvD8s5ip4nEB3kEsrf5KgGj3x
KwDiBf89QgGbjEhKnhXJuH7LrciVrZi3qYjgd9M7rFUBTL67V6dE,5HpHagT65TZzG1PH3CSu63k8DbpvD8s5ip4nEB3kEsrfAeGjhSe
KwDiBf89QgGbjEhKnhXJuH7LrciVrZi3qYjgd9M7rFUGxXgtm63M,5HpHagT65TZzG1PH3CSu63k8DbpvD8s5ip4nEB3kEsrgQwUiKuq
KwDiBf89QgGbjEhKnhXJuH7LrciVrZi3qYjgd9M7rFUW5RtS2JN1,5HpHagT65TZzG1PH3CSu63k8DbpvD8s5ip4nEB3kEsrjPKxKjY2
KwDiBf89QgGbjEhKnhXJuH7LrciVrZi3qYjgd9M7rFUspniiQZds,5HpHagT65TZzG1PH3CSu63k8DbpvD8s5ip4nEB3kEsrpKArkUBq
KwDiBf89QgGbjEhKnhXJuH7LrciVrZi3qYjgd9M7rFVfZyiN5iEG,5HpHagT65TZzG1PH3CSu63k8DbpvD8s5ip4nEB3kEsrzgDWpY2w
KwDiBf89QgGbjEhKnhXJuH7LrciVrZi3qYjgd9M7rFY5iMZbuRxj,5HpHagT65TZzG1PH3CSu63k8DbpvD8s5ip4nEB3kEssYRrMCmpZ
KwDiBf89QgGbjEhKnhXJuH7LrciVrZi3qYjgd9M7rFbjHrFMWzJp,5HpHagT65TZzG1PH3CSu63k8DbpvD8s5ip4nEB3kEstNN85F5Mw
KwDiBf89QgGbjEhKnhXJuH7LrciVrZi3qYjgd9M7rFiHkRsp99uC,5HpHagT65TZzG1PH3CSu63k8DbpvD8s5ip4nEB3kEsurZXJixkP
KwDiBf89QgGbjEhKnhXJuH7LrciVrZi3qYjgd9M7rFyWkjT5fywW,5HpHagT65TZzG1PH3CSu63k8DbpvD8s5ip4nEB3kEsyJco3YM5Z
KwDiBf89QgGbjEhKnhXJuH7LrciVrZi3qYjgd9M7rGP2jMrxCfX3,5HpHagT65TZzG1PH3CSu63k8DbpvD8s5ip4nEB3kEt4deKgfY59
KwDiBf89QgGbjEhKnhXJuH7LrciVrZi3qYjgd9M7rHfuE2Tg4nJW,5HpHagT65TZzG1PH3CSu63k8DbpvD8s5ip4nEB3kEtMbVN6VkAe
KwDiBf89QgGbjEhKnhXJuH7LrciVrZi3qYjgd9M7rL6JJvw6XUry,5HpHagT65TZzG1PH3CSu63k8DbpvD8s5ip4nEB3kEtuQQfBxcrT
KwDiBf89QgGbjEhKnhXJuH7LrciVrZi3qYjgd9M7rP9Ja2dhtxoh,5HpHagT65TZzG1PH3CSu63k8DbpvD8s5ip4nEB3kEubWMgPbZSY
KwDiBf89QgGbjEhKnhXJuH7LrciVrZi3qYjgd9M7rVkthFNsQ6i7,5HpHagT65TZzG1PH3CSu63k8DbpvD8s5ip4nEB3kEw6QwynKpQi
KwDiBf89QgGbjEhKnhXJuH7LrciVrZi3qYjgd9M7rtHyNcFoApRd,5HpHagT65TZzG1PH3CSu63k8DbpvD8s5ip4nEB3kF2CYofJGeWz
KwDiBf89QgGbjEhKnhXJuH7LrciVrZi3qYjgd9M7siAXycwkwRQg,5HpHagT65TZzG1PH3CSu63k8DbpvD8s5ip4nEB3kFD3cZqtqDcV
KwDiBf89QgGbjEhKnhXJuH7LrciVrZi3qYjgd9M7tefTXkqGMNis,5HpHagT65TZzG1PH3CSu63k8DbpvD8s5ip4nEB3kFRPm5LvgRsh
KwDiBf89QgGbjEhKnhXJuH7LrciVrZi3qYjgd9M7wBBz2KJQdASx,5HpHagT65TZzG1PH3CSu63k8DbpvD8s5ip4nEB3kFzbD1oFi4uP
KwDiBf89QgGbjEhKnhXJuH7LrciVrZi3qYjgd9M82GSgY8p5EkUe,5HpHagT65TZzG1PH3CSu63k8DbpvD8s5ip4nEB3kH9V2Fos6zmj
KwDiBf89QgGbjEhKnhXJuH7LrciVrZi3qYjgd9M89tAnjFUUDRtJ,5HpHagT65TZzG1PH3CSu63k8DbpvD8s5ip4nEB3kJsZaUF8qWJH
KwDiBf89QgGbjEhKnhXJuH7LrciVrZi3qYjgd9M8diLSC5MyERoW,5HpHagT65TZzG1PH3CSu63k8DbpvD8s5ip4nEB3kRBGjQsHeT9B
KwDiBf89QgGbjEhKnhXJuH7LrciVrZi3qYjgd9M9SmFMSCA4jQRW,5HpHagT65TZzG1PH3CSu63k8DbpvD8s5ip4nEB3kbqYM38cziku
KwDiBf89QgGbjEhKnhXJuH7LrciVrZi3qYjgd9MACNivtz8yMYTd,5HpHagT65TZzG1PH3CSu63k8DbpvD8s5ip4nEB3kmidEaBAp5Ee
KwDiBf89QgGbjEhKnhXJuH7LrciVrZi3qYjgd9MDGKrXXQL647jj,5HpHagT65TZzG1PH3CSu63k8DbpvD8s5ip4nEB3mU31M4JzEsry
KwDiBf89QgGbjEhKnhXJuH7LrciVrZi3qYjgd9MJaAKqns7PN9Ra,5HpHagT65TZzG1PH3CSu63k8DbpvD8s5ip4nEB3nfnAFgUF9hzZ
KwDiBf89QgGbjEhKnhXJuH7LrciVrZi3qYjgd9MP7J9oTbu6KuRr,5HpHagT65TZzG1PH3CSu63k8DbpvD8s5ip4nEB3ohPvCS9khB9n
KwDiBf89QgGbjEhKnhXJuH7LrciVrZi3qYjgd9Mg1Upu7eJAtiDr,5HpHagT65TZzG1PH3CSu63k8DbpvD8s5ip4nEB3sXU9b1haJkT8
KwDiBf89QgGbjEhKnhXJuH7LrciVrZi3qYjgd9NRuiZFAX6XciCX,5HpHagT65TZzG1PH3CSu63k8DbpvD8s5ip4nEB43UMHpcm3f8ag
KwDiBf89QgGbjEhKnhXJuH7LrciVrZi3qYjgd9P3MahktLW5315v,5HpHagT65TZzG1PH3CSu63k8DbpvD8s5ip4nEB4BW8dsj4c9a6g
KwDiBf89QgGbjEhKnhXJuH7LrciVrZi3qYjgd9RMTSCcQzX3EjMZ,5HpHagT65TZzG1PH3CSu63k8DbpvD8s5ip4nEB4htJVTbuNiGA1
KwDiBf89QgGbjEhKnhXJuH7LrciVrZi3qYjgd9aFJuCJDo5F6Jm7,5HpHagT65TZzG1PH3CSu63k8DbpvD8s5ip4nEB6ikvy2duGEu2D
KwDiBf89QgGbjEhKnhXJuH7LrciVrZi3qYjgd9gCD9CBomewdcUD,5HpHagT65TZzG1PH3CSu63k8DbpvD8s5ip4nEB84u9Cbd5fwdR6
KwDiBf89QgGbjEhKnhXJuH7LrciVrZi3qYjgd9zzYEemjCVJ3vo9,5HpHagT65TZzG1PH3CSu63k8DbpvD8s5ip4nEBCKvkRRBUtpNdX
KwDiBf89QgGbjEhKnhXJuH7LrciVrZi3qYjgdB23bP5LsYN8Krv7,5HpHagT65TZzG1PH3CSu63k8DbpvD8s5ip4nEBRhv6ue8TGcLBe
KwDiBf89QgGbjEhKnhXJuH7LrciVrZi3qYjgdCpdGyxm7PWoNQdr,5HpHagT65TZzG1PH3CSu63k8DbpvD8s5ip4nEBqQAxxEAdgvLgN
KwDiBf89QgGbjEhKnhXJuH7LrciVrZi3qYjgdDrgx63tbte4scLA,5HpHagT65TZzG1PH3CSu63k8DbpvD8s5ip4nEC51Sd31pLUWx3i
KwDiBf89QgGbjEhKnhXJuH7LrciVrZi3qYjgdLwb42sQhwTBJDnG,5HpHagT65TZzG1PH3CSu63k8DbpvD8s5ip4nEDg6uLuezrDySzX
KwDiBf89QgGbjEhKnhXJuH7LrciVrZi3qYjgdcLTenJYVVVTRzxN,5HpHagT65TZzG1PH3CSu63k8DbpvD8s5ip4nEHAPod6LNRWAZBf
KwDiBf89QgGbjEhKnhXJuH7LrciVrZi3qYjgdtUGWxHzvDi28MfR,5HpHagT65TZzG1PH3CSu63k8DbpvD8s5ip4nELpQuZ1gQQYrZ1J
KwDiBf89QgGbjEhKnhXJuH7LrciVrZi3qYjgejcjwprJ4MAYLw8e,5HpHagT65TZzG1PH3CSu63k8DbpvD8s5ip4nEXxDuJBiUbiVA9e
KwDiBf89QgGbjEhKnhXJuH7LrciVrZi3qYjgfXBMYdNVA4EjUMzg,5HpHagT65TZzG1PH3CSu63k8DbpvD8s5ip4nEiGwVv6mtxTe9ip
KwDiBf89QgGbjEhKnhXJuH7LrciVrZi3qYjgm9fa43QnU2CpULaK,5HpHagT65TZzG1PH3CSu63k8DbpvD8s5ip4nFzFBD1zxALEsLqK
KwDiBf89QgGbjEhKnhXJuH7LrciVrZi3qYjguYJTZsntce5oQQrh,5HpHagT65TZzG1PH3CSu63k8DbpvD8s5ip4nHtVssx1RqUdSdVj
KwDiBf89QgGbjEhKnhXJuH7LrciVrZi3qYjh5SmqrUoK2mhwSYFV,5HpHagT65TZzG1PH3CSu63k8DbpvD8s5ip4nL8eoQu4hLSpXwa4
KwDiBf89QgGbjEhKnhXJuH7LrciVrZi3qYjhHvuTMSDchRp5hktc,5HpHagT65TZzG1PH3CSu63k8DbpvD8s5ip4nNxiLZixsgdChZjz
KwDiBf89QgGbjEhKnhXJuH7LrciVrZi3qYjidyYKE5NcJQZYvknA,5HpHagT65TZzG1PH3CSu63k8DbpvD8s5ip4ngeHA7b4zPaJ3ga1
KwDiBf89QgGbjEhKnhXJuH7LrciVrZi3qYjjb65nDHeqyjiBaJXv,5HpHagT65TZzG1PH3CSu63k8DbpvD8s5ip4nu8VixoNGBCuaLCm
KwDiBf89QgGbjEhKnhXJuH7LrciVrZi3qYjqtiAvYTJzYEmqup7b,5HpHagT65TZzG1PH3CSu63k8DbpvD8s5ip4pKxzyzRYGJZF2CUQ
KwDiBf89QgGbjEhKnhXJuH7LrciVrZi3qYjv2kTamEYQT9BNC7o1,5HpHagT65TZzG1PH3CSu63k8DbpvD8s5ip4qGMGYDHfP5bxwCnj
KwDiBf89QgGbjEhKnhXJuH7LrciVrZi3qYkHpsTBP19HvTFqiU6i,5HpHagT65TZzG1PH3CSu63k8DbpvD8s5ip4vCkbw1TKC5xefUVS
KwDiBf89QgGbjEhKnhXJuH7LrciVrZi3qYkzijLsc5qE43yZ5eLV,5HpHagT65TZzG1PH3CSu63k8DbpvD8s5ip55U8L18x1xXBdqu84
KwDiBf89QgGbjEhKnhXJuH7LrciVrZi3qYmLDHsih379uP9zbHSD,5HpHagT65TZzG1PH3CSu63k8DbpvD8s5ip59tGc46u8joQDakRT
KwDiBf89QgGbjEhKnhXJuH7LrciVrZi3qYpCemuaUp7NigjvtJug,5HpHagT65TZzG1PH3CSu63k8DbpvD8s5ip5obPQhDC8LRVrSnwc
KwDiBf89QgGbjEhKnhXJuH7LrciVrZi3qYv5Z9J7hv7VYYN3XL3Y,5HpHagT65TZzG1PH3CSu63k8DbpvD8s5ip78q4h8QmfB6MwMuF1
KwDiBf89QgGbjEhKnhXJuH7LrciVrZi3qZ6FxoaD5r1kYegmtbaT,5HpHagT65TZzG1PH3CSu63k8DbpvD8s5ip9SbPnb1C74XPPH9cU
KwDiBf89QgGbjEhKnhXJuH7LrciVrZi3qZM21gaY8WN2CdwnTG57,5HpHagT65TZzG1PH3CSu63k8DbpvD8s5ipCnYRNeQuRFKarWVVs
KwDiBf89QgGbjEhKnhXJuH7LrciVrZi3qZfFoWMiwBt943V7CQeX,5HpHagT65TZzG1PH3CSu63k8DbpvD8s5ipGvCSgayELk4Uxq4ZA
KwDiBf89QgGbjEhKnhXJuH7LrciVrZi3qbUMc6JAKaMY26Pxfbsb,5HpHagT65TZzG1PH3CSu63k8DbpvD8s5ipgjH7BgipS3Vq539S6
KwDiBf89QgGbjEhKnhXJuH7LrciVrZi3qbP2K5cm35XKMND1X1KW,5HpHagT65TZzG1PH3CSu63k8DbpvD8s5ipfXCoMnmssNNsN77qV
KwDiBf89QgGbjEhKnhXJuH7LrciVrZi3qd7sDG4F2sdMtzNe8y2U,5HpHagT65TZzG1PH3CSu63k8DbpvD8s5iq4NLznbSoMvfzUuhdh
KwDiBf89QgGbjEhKnhXJuH7LrciVrZi3qYjgd9M7rFU73sVHnoWn,5HpHagT65TZzG1PH3CSu63k8DbpvD8s5ip4nEB3kEsreAnchuDf
KwDiBf89QgGbjEhKnhXJuH7LrciVrZi3qYjgd9M7rFU74sHUHy8S,5HpHagT65TZzG1PH3CSu63k8DbpvD8s5ip4nEB3kEsreB1FQ8BZ
KwDiBf89QgGbjEhKnhXJuH7LrciVrZi3qYjgd9M7rFU76rnZwVdz,5HpHagT65TZzG1PH3CSu63k8DbpvD8s5ip4nEB3kEsreBR6zCMU
KwDiBf89QgGbjEhKnhXJuH7LrciVrZi3qYjgd9M7rFU77MfhviY5,5HpHagT65TZzG1PH3CSu63k8DbpvD8s5ip4nEB3kEsreBbMaQX1
KwDiBf89QgGbjEhKnhXJuH7LrciVrZi3qYjgd9M7rFU7Dq8Au4Pv,5HpHagT65TZzG1PH3CSu63k8DbpvD8s5ip4nEB3kEsreD437Nay
KwDiBf89QgGbjEhKnhXJuH7LrciVrZi3qYjgd9M7rFU7Tmu6qHxS,5HpHagT65TZzG1PH3CSu63k8DbpvD8s5ip4nEB3kEsreGAk6qMH
KwDiBf89QgGbjEhKnhXJuH7LrciVrZi3qYjgd9M7rFU7hDgvu64y,5HpHagT65TZzG1PH3CSu63k8DbpvD8s5ip4nEB3kEsreKD614Nu
KwDiBf89QgGbjEhKnhXJuH7LrciVrZi3qYjgd9M7rFU8xvGK1zpm,5HpHagT65TZzG1PH3CSu63k8DbpvD8s5ip4nEB3kEsrebwE4gQs
KwDiBf89QgGbjEhKnhXJuH7LrciVrZi3qYjgd9M7rFUB3vfDKcxZ,5HpHagT65TZzG1PH3CSu63k8DbpvD8s5ip4nEB3kEsrf5KgGj3x
KwDiBf89QgGbjEhKnhXJuH7LrciVrZi3qYjgd9M7rFUBTL67V6dE,5HpHagT65TZzG1PH3CSu63k8DbpvD8s5ip4nEB3kEsrfAeGjhSe
KwDiBf89QgGbjEhKnhXJuH7LrciVrZi3qYjgd9M7rFUGxXgtm63M,5HpHagT65TZzG1PH3CSu63k8DbpvD8s5ip4nEB3kEsrgQwUiKuq
KwDiBf89QgGbjEhKnhXJuH7LrciVrZi3qYjgd9M7rFUW5RtS2JN1,5HpHagT65TZzG1PH3CSu63k8DbpvD8s5ip4nEB3kEsrjPKxKjY2
KwDiBf89QgGbjEhKnhXJuH7LrciVrZi3qYjgd9M7rFUspniiQZds,5HpHagT65TZzG1PH3CSu63k8DbpvD8s5ip4nEB3kEsrpKArkUBq
KwDiBf89QgGbjEhKnhXJuH7LrciVrZi3qYjgd9M7rFVfZyiN5iEG,5HpHagT65TZzG1PH3CSu63k8DbpvD8s5ip4nEB3kEsrzgDWpY2w
KwDiBf89QgGbjEhKnhXJuH7LrciVrZi3qYjgd9M7rFY5iMZbuRxj,5HpHagT65TZzG1PH3CSu63k8DbpvD8s5ip4nEB3kEssYRrMCmpZ
KwDiBf89QgGbjEhKnhXJuH7LrciVrZi3qYjgd9M7rFbjHrFMWzJp,5HpHagT65TZzG1PH3CSu63k8DbpvD8s5ip4nEB3kEstNN85F5Mw
KwDiBf89QgGbjEhKnhXJuH7LrciVrZi3qYjgd9M7rFiHkRsp99uC,5HpHagT65TZzG1PH3CSu63k8DbpvD8s5ip4nEB3kEsurZXJixkP
KwDiBf89QgGbjEhKnhXJuH7LrciVrZi3qYjgd9M7rFyWkjT5fywW,5HpHagT65TZzG1PH3CSu63k8DbpvD8s5ip4nEB3kEsyJco3YM5Z
KwDiBf89QgGbjEhKnhXJuH7LrciVrZi3qYjgd9M7rGP2jMrxCfX3,5HpHagT65TZzG1PH3CSu63k8DbpvD8s5ip4nEB3kEt4deKgfY59
KwDiBf89QgGbjEhKnhXJuH7LrciVrZi3qYjgd9M7rHfuE2Tg4nJW,5HpHagT65TZzG1PH3CSu63k8DbpvD8s5ip4nEB3kEtMbVN6VkAe
KwDiBf89QgGbjEhKnhXJuH7LrciVrZi3qYjgd9M7rL6JJvw6XUry,5HpHagT65TZzG1PH3CSu63k8DbpvD8s5ip4nEB3kEtuQQfBxcrT
KwDiBf89QgGbjEhKnhXJuH7LrciVrZi3qYjgd9M7rP9Ja2dhtxoh,5HpHagT65TZzG1PH3CSu63k8DbpvD8s5ip4nEB3kEubWMgPbZSY
KwDiBf89QgGbjEhKnhXJuH7LrciVrZi3qYjgd9M7rVkthFNsQ6i7,5HpHagT65TZzG1PH3CSu63k8DbpvD8s5ip4nEB3kEw6QwynKpQi
KwDiBf89QgGbjEhKnhXJuH7LrciVrZi3qYjgd9M7rtHyNcFoApRd,5HpHagT65TZzG1PH3CSu63k8DbpvD8s5ip4nEB3kF2CYofJGeWz
KwDiBf89QgGbjEhKnhXJuH7LrciVrZi3qYjgd9M7siAXycwkwRQg,5HpHagT65TZzG1PH3CSu63k8DbpvD8s5ip4nEB3kFD3cZqtqDcV
KwDiBf89QgGbjEhKnhXJuH7LrciVrZi3qYjgd9M7tefTXkqGMNis,5HpHagT65TZzG1PH3CSu63k8DbpvD8s5ip4nEB3kFRPm5LvgRsh
KwDiBf89QgGbjEhKnhXJuH7LrciVrZi3qYjgd9M7wBBz2KJQdASx,5HpHagT65TZzG1PH3CSu63k8DbpvD8s5ip4nEB3kFzbD1oFi4uP
KwDiBf89QgGbjEhKnhXJuH7LrciVrZi3qYjgd9M82GSgY8p5EkUe,5HpHagT65TZzG1PH3CSu63k8DbpvD8s5ip4nEB3kH9V2Fos6zmj
KwDiBf89QgGbjEhKnhXJuH7LrciVrZi3qYjgd9M89tAnjFUUDRtJ,5HpHagT65TZzG1PH3CSu63k8DbpvD8s5ip4nEB3kJsZaUF8qWJH
KwDiBf89QgGbjEhKnhXJuH7LrciVrZi3qYjgd9M8diLSC5MyERoW,5HpHagT65TZzG1PH3CSu63k8DbpvD8s5ip4nEB3kRBGjQsHeT9B
KwDiBf89QgGbjEhKnhXJuH7LrciVrZi3qYjgd9M9SmFMSCA4jQRW,5HpHagT65TZzG1PH3CSu63k8DbpvD8s5ip4nEB3kbqYM38cziku
KwDiBf89QgGbjEhKnhXJuH7LrciVrZi3qYjgd9MACNivtz8yMYTd,5HpHagT65TZzG1PH3CSu63k8DbpvD8s5ip4nEB3kmidEaBAp5Ee
KwDiBf89QgGbjEhKnhXJuH7LrciVrZi3qYjgd9MDGKrXXQL647jj,5HpHagT65TZzG1PH3CSu63k8DbpvD8s5ip4nEB3mU31M4JzEsry
KwDiBf89QgGbjEhKnhXJuH7LrciVrZi3qYjgd9MJaAKqns7PN9Ra,5HpHagT65TZzG1PH3CSu63k8DbpvD8s5ip4nEB3nfnAFgUF9hzZ
KwDiBf89QgGbjEhKnhXJuH7LrciVrZi3qYjgd9MP7J9oTbu6KuRr,5HpHagT65TZzG1PH3CSu63k8DbpvD8s5ip4nEB3ohPvCS9khB9n
KwDiBf89QgGbjEhKnhXJuH7LrciVrZi3qYjgd9Mg1Upu7eJAtiDr,5HpHagT65TZzG1PH3CSu63k8DbpvD8s5ip4nEB3sXU9b1haJkT8
KwDiBf89QgGbjEhKnhXJuH7LrciVrZi3qYjgd9NRuiZFAX6XciCX,5HpHagT65TZzG1PH3CSu63k8DbpvD8s5ip4nEB43UMHpcm3f8ag
KwDiBf89QgGbjEhKnhXJuH7LrciVrZi3qYjgd9P3MahktLW5315v,5HpHagT65TZzG1PH3CSu63k8DbpvD8s5ip4nEB4BW8dsj4c9a6g
KwDiBf89QgGbjEhKnhXJuH7LrciVrZi3qYjgd9RMTSCcQzX3EjMZ,5HpHagT65TZzG1PH3CSu63k8DbpvD8s5ip4nEB4htJVTbuNiGA1
KwDiBf89QgGbjEhKnhXJuH7LrciVrZi3qYjgd9aFJuCJDo5F6Jm7,5HpHagT65TZzG1PH3CSu63k8DbpvD8s5ip4nEB6ikvy2duGEu2D
KwDiBf89QgGbjEhKnhXJuH7LrciVrZi3qYjgd9gCD9CBomewdcUD,5HpHagT65TZzG1PH3CSu63k8DbpvD8s5ip4nEB84u9Cbd5fwdR6
KwDiBf89QgGbjEhKnhXJuH7LrciVrZi3qYjgd9zzYEemjCVJ3vo9,5HpHagT65TZzG1PH3CSu63k8DbpvD8s5ip4nEBCKvkRRBUtpNdX
KwDiBf89QgGbjEhKnhXJuH7LrciVrZi3qYjgdB23bP5LsYN8Krv7,5HpHagT65TZzG1PH3CSu63k8DbpvD8s5ip4nEBRhv6ue8TGcLBe
KwDiBf89QgGbjEhKnhXJuH7LrciVrZi3qYjgdCpdGyxm7PWoNQdr,5HpHagT65TZzG1PH3CSu63k8DbpvD8s5ip4nEBqQAxxEAdgvLgN
KwDiBf89QgGbjEhKnhXJuH7LrciVrZi3qYjgdDrgx63tbte4scLA,5HpHagT65TZzG1PH3CSu63k8DbpvD8s5ip4nEC51Sd31pLUWx3i
KwDiBf89QgGbjEhKnhXJuH7LrciVrZi3qYjgdLwb42sQhwTBJDnG,5HpHagT65TZzG1PH3CSu63k8DbpvD8s5ip4nEDg6uLuezrDySzX
KwDiBf89QgGbjEhKnhXJuH7LrciVrZi3qYjgdcLTenJYVVVTRzxN,5HpHagT65TZzG1PH3CSu63k8DbpvD8s5ip4nEHAPod6LNRWAZBf
KwDiBf89QgGbjEhKnhXJuH7LrciVrZi3qYjgdtUGWxHzvDi28MfR,5HpHagT65TZzG1PH3CSu63k8DbpvD8s5ip4nELpQuZ1gQQYrZ1J
KwDiBf89QgGbjEhKnhXJuH7LrciVrZi3qYjgejcjwprJ4MAYLw8e,5HpHagT65TZzG1PH3CSu63k8DbpvD8s5ip4nEXxDuJBiUbiVA9e
KwDiBf89QgGbjEhKnhXJuH7LrciVrZi3qYjgfXBMYdNVA4EjUMzg,5HpHagT65TZzG1PH3CSu63k8DbpvD8s5ip4nEiGwVv6mtxTe9ip
KwDiBf89QgGbjEhKnhXJuH7LrciVrZi3qYjgm9fa43QnU2CpULaK,5HpHagT65TZzG1PH3CSu63k8DbpvD8s5ip4nFzFBD1zxALEsLqK
KwDiBf89QgGbjEhKnhXJuH7LrciVrZi3qYjguYJTZsntce5oQQrh,5HpHagT65TZzG1PH3CSu63k8DbpvD8s5ip4nHtVssx1RqUdSdVj
KwDiBf89QgGbjEhKnhXJuH7LrciVrZi3qYjh5SmqrUoK2mhwSYFV,5HpHagT65TZzG1PH3CSu63k8DbpvD8s5ip4nL8eoQu4hLSpXwa4
KwDiBf89QgGbjEhKnhXJuH7LrciVrZi3qYjhHvuTMSDchRp5hktc,5HpHagT65TZzG1PH3CSu63k8DbpvD8s5ip4nNxiLZixsgdChZjz
KwDiBf89QgGbjEhKnhXJuH7LrciVrZi3qYjidyYKE5NcJQZYvknA,5HpHagT65TZzG1PH3CSu63k8DbpvD8s5ip4ngeHA7b4zPaJ3ga1
KwDiBf89QgGbjEhKnhXJuH7LrciVrZi3qYjjb65nDHeqyjiBaJXv,5HpHagT65TZzG1PH3CSu63k8DbpvD8s5ip4nu8VixoNGBCuaLCm
KwDiBf89QgGbjEhKnhXJuH7LrciVrZi3qYjqtiAvYTJzYEmqup7b,5HpHagT65TZzG1PH3CSu63k8DbpvD8s5ip4pKxzyzRYGJZF2CUQ
KwDiBf89QgGbjEhKnhXJuH7LrciVrZi3qYjv2kTamEYQT9BNC7o1,5HpHagT65TZzG1PH3CSu63k8DbpvD8s5ip4qGMGYDHfP5bxwCnj
KwDiBf89QgGbjEhKnhXJuH7LrciVrZi3qYkHpsTBP19HvTFqiU6i,5HpHagT65TZzG1PH3CSu63k8DbpvD8s5ip4vCkbw1TKC5xefUVS
KwDiBf89QgGbjEhKnhXJuH7LrciVrZi3qYkzijLsc5qE43yZ5eLV,5HpHagT65TZzG1PH3CSu63k8DbpvD8s5ip55U8L18x1xXBdqu84
KwDiBf89QgGbjEhKnhXJuH7LrciVrZi3qYmLDHsih379uP9zbHSD,5HpHagT65TZzG1PH3CSu63k8DbpvD8s5ip59tGc46u8joQDakRT
KwDiBf89QgGbjEhKnhXJuH7LrciVrZi3qYpCemuaUp7NigjvtJug,5HpHagT65TZzG1PH3CSu63k8DbpvD8s5ip5obPQhDC8LRVrSnwc
KwDiBf89QgGbjEhKnhXJuH7LrciVrZi3qYv5Z9J7hv7VYYN3XL3Y,5HpHagT65TZzG1PH3CSu63k8DbpvD8s5ip78q4h8QmfB6MwMuF1
KwDiBf89QgGbjEhKnhXJuH7LrciVrZi3qZ6FxoaD5r1kYegmtbaT,5HpHagT65TZzG1PH3CSu63k8DbpvD8s5ip9SbPnb1C74XPPH9cU
KwDiBf89QgGbjEhKnhXJuH7LrciVrZi3qZM21gaY8WN2CdwnTG57,5HpHagT65TZzG1PH3CSu63k8DbpvD8s5ipCnYRNeQuRFKarWVVs
KwDiBf89QgGbjEhKnhXJuH7LrciVrZi3qZfFoWMiwBt943V7CQeX,5HpHagT65TZzG1PH3CSu63k8DbpvD8s5ipGvCSgayELk4Uxq4ZA
KwDiBf89QgGbjEhKnhXJuH7LrciVrZi3qbUMc6JAKaMY26Pxfbsb,5HpHagT65TZzG1PH3CSu63k8DbpvD8s5ipgjH7BgipS3Vq539S6
KwDiBf89QgGbjEhKnhXJuH7LrciVrZi3qbP2K5cm35XKMND1X1KW,5HpHagT65TZzG1PH3CSu63k8DbpvD8s5ipfXCoMnmssNNsN77qV
KwDiBf89QgGbjEhKnhXJuH7LrciVrZi3qd7sDG4F2sdMtzNe8y2U,5HpHagT65TZzG1PH3CSu63k8DbpvD8s5iq4NLznbSoMvfzUuhdh
KwDiBf89QgGbjEhKnhXJuH7LrciVrZi3qefJjCmLAPHbQ4x7D9Qy,5HpHagT65TZzG1PH3CSu63k8DbpvD8s5iqQdeCjDVruhRNTMUJ4
KwDiBf89QgGbjEhKnhXJuH7LrciVrZi3qt5RQNhFCn1r58in2E78,5HpHagT65TZzG1PH3CSu63k8DbpvD8s5itSvZV2R4aJs65TTYmz
KwDiBf89QgGbjEhKnhXJuH7LrciVrZi3yHuxB7NfERRuDTNy2kbr,5HpHagT65TZzG1PH3CSu63k8DbpvD8s5kZqFK9hFZ3N3mZ74FJm
KwDiBf89QgGbjEhKnhXJuH7LrciVrZiAPRB6KvN7FnKsw69PP7vW,5HpHagT65TZzG1PH3CSu63k8DbpvD8s7CsnncZ2cQHcYUh48auk
KwDiBf89QgGbjEhKnhXJuH7LrciVrZkCnRjpBspr8M5K8YnUtDNa,5HpHagT65TZzG1PH3CSu63k8DbpvD8sa2gbAnWe842NpcFVVn5f
KwDiBf89QgGbjEhKnhXJuH7LrciVrbEiEhLWVU4Yn1RCfnX51KrT,5HpHagT65TZzG1PH3CSu63k8DbpvD9DAo9gmHsYATxq5TZpzj8v
